subject,task_type,octave,ioi,subj_accuracy,subj_perc_resp_early,accuracy,perc_resp_early,subj_hit_rate,subj_fa_rate,hit_rate,fa_rate,subj_dprime,subj_C,dprime,C
2,0,3,400,0.7048611111111112,0.5659722222222222,0.6875,0.5625,0.6379310344827587,0.23103448275862068,0.62,0.26,1.0883782616823632,0.19125514471426497,0.9488261934923143,0.1689323086467598
2,0,3,600,0.7048611111111112,0.5659722222222222,0.6458333333333334,0.4791666666666667,0.6379310344827587,0.23103448275862068,0.66,0.38,1.0883782616823632,0.19125514471426497,0.7179439175408023,-0.053491170671003785
2,0,5,400,0.7048611111111112,0.5659722222222222,0.6875,0.6458333333333334,0.6379310344827587,0.23103448275862068,0.54,0.18,1.0883782616823632,0.19125514471426497,1.015798808354284,0.40746568366567204
2,0,5,600,0.7048611111111112,0.5659722222222222,0.7916666666666666,0.5833333333333334,0.6379310344827587,0.23103448275862068,0.7,0.14,1.0883782616823632,0.19125514471426497,1.6047198535229965,0.2779594140534576
2,0,7,400,0.7048611111111112,0.5659722222222222,0.6458333333333334,0.6458333333333334,0.6379310344827587,0.23103448275862068,0.5,0.22,1.0883782616823632,0.19125514471426497,0.7721932141886848,0.3860966070943424
2,0,7,600,0.7048611111111112,0.5659722222222222,0.7708333333333334,0.4791666666666667,0.6379310344827587,0.23103448275862068,0.78,0.26,1.0883782616823632,0.19125514471426497,1.4155386195816018,-0.06442390439788392
3,1,3,400,0.5277777777777778,0.5625,0.5416666666666666,0.5416666666666666,0.46551724137931033,0.4103448275862069,0.5,0.42,0.14011467465279337,0.15660070524141267,0.20189347914185088,0.10094673957092544
3,1,3,600,0.5277777777777778,0.5625,0.5416666666666666,0.4166666666666667,0.46551724137931033,0.4103448275862069,0.62,0.54,0.14011467465279337,0.15660070524141267,0.2050470675879275,-0.20295725430543363
3,1,5,400,0.5277777777777778,0.5625,0.4583333333333333,0.625,0.46551724137931033,0.4103448275862069,0.34,0.42,0.14011467465279337,0.15660070524141267,-0.21056965029955385,0.3071783042916278
3,1,5,600,0.5277777777777778,0.5625,0.5416666666666666,0.5416666666666666,0.46551724137931033,0.4103448275862069,0.5,0.42,0.14011467465279337,0.15660070524141267,0.20189347914185088,0.10094673957092544
3,1,7,400,0.5277777777777778,0.5625,0.5625,0.5625,0.46551724137931033,0.4103448275862069,0.5,0.38,0.14011467465279337,0.15660070524141267,0.3054807880993974,0.1527403940496987
3,1,7,600,0.5277777777777778,0.5625,0.5208333333333334,0.6875,0.46551724137931033,0.4103448275862069,0.34,0.3,0.14011467465279337,0.15660070524141267,0.11193738326663616,0.4684318210747228
4,0,3,400,0.8020833333333334,0.5659722222222222,0.875,0.5416666666666666,0.7344827586206897,0.13448275862068965,0.82,0.1,1.7318756373050457,0.2395101754358419,2.1969166533874143,0.1830932388508933
4,0,3,600,0.8020833333333334,0.5659722222222222,0.7708333333333334,0.6041666666666666,0.7344827586206897,0.13448275862068965,0.66,0.14,1.7318756373050457,0.2395101754358419,1.4927824702563608,0.33392810568677544
4,0,5,400,0.8020833333333334,0.5659722222222222,0.7291666666666666,0.6041666666666666,0.7344827586206897,0.13448275862068965,0.62,0.18,1.7318756373050457,0.2395101754358419,1.2208458759422114,0.3049421498717083
4,0,5,600,0.8020833333333334,0.5659722222222222,0.7708333333333334,0.5208333333333334,0.7344827586206897,0.13448275862068965,0.74,0.22,1.7318756373050457,0.2395101754358419,1.4155386195816018,0.06442390439788392
4,0,7,400,0.8020833333333334,0.5659722222222222,0.8125,0.6458333333333334,0.7344827586206897,0.13448275862068965,0.66,0.06,1.7318756373050457,0.2395101754358419,1.9672367240382584,0.5711552325777243
4,0,7,600,0.8020833333333334,0.5659722222222222,0.8541666666666666,0.4791666666666667,0.7344827586206897,0.13448275862068965,0.86,0.18,1.7318756373050457,0.2395101754358419,1.99568442865777,-0.08247712648607092
5,1,3,400,0.5694444444444444,0.8263888888888888,0.5,0.9166666666666666,0.24482758620689654,0.10689655172413794,0.1,0.1,0.5523454415840813,0.9670301001985808,0.0,1.2815515655446004
5,1,3,600,0.5694444444444444,0.8263888888888888,0.625,0.75,0.24482758620689654,0.10689655172413794,0.38,0.14,0.5523454415840813,0.9670301001985808,0.7748385527155585,0.6929000644571766
5,1,5,400,0.5694444444444444,0.8263888888888888,0.5208333333333334,0.8958333333333334,0.24482758620689654,0.10689655172413794,0.14,0.1,0.5523454415840813,0.9670301001985808,0.20123222472964453,1.180935453179778
5,1,5,600,0.5694444444444444,0.8263888888888888,0.6041666666666666,0.7291666666666666,0.24482758620689654,0.10689655172413794,0.38,0.18,0.5523454415840813,0.9670301001985808,0.6098842997434166,0.6104229379711057
5,1,7,400,0.5694444444444444,0.8263888888888888,0.5625,0.9375,0.24482758620689654,0.10689655172413794,0.14,0.02,0.5523454415840813,0.9670301001985808,0.9734295698168671,1.5670341257233895
5,1,7,600,0.5694444444444444,0.8263888888888888,0.6041666666666666,0.7291666666666666,0.24482758620689654,0.10689655172413794,0.38,0.18,0.5523454415840813,0.9670301001985808,0.6098842997434166,0.6104229379711057
6,1,3,400,0.8159722222222222,0.4201388888888889,0.8333333333333334,0.375,0.8931034482758621,0.2655172413793103,0.94,0.3,1.8696304642073023,-0.3083875888869702,2.0791741073048944,-0.5151865409444063
6,1,3,600,0.8159722222222222,0.4201388888888889,0.8333333333333334,0.375,0.8931034482758621,0.2655172413793103,0.94,0.3,1.8696304642073023,-0.3083875888869702,2.0791741073048944,-0.5151865409444063
6,1,5,400,0.8159722222222222,0.4201388888888889,0.7708333333333334,0.4791666666666667,0.8931034482758621,0.2655172413793103,0.78,0.26,1.8696304642073023,-0.3083875888869702,1.4155386195816018,-0.06442390439788392
6,1,5,600,0.8159722222222222,0.4201388888888889,0.8125,0.3958333333333333,0.8931034482758621,0.2655172413793103,0.9,0.3,1.8696304642073023,-0.3083875888869702,1.8059520782526413,-0.37857552641827974
6,1,7,400,0.8159722222222222,0.4201388888888889,0.8333333333333334,0.5,0.8931034482758621,0.2655172413793103,0.82,0.18,1.8696304642073023,-0.3083875888869702,1.8307301756856278,1.1102230246251565e-16
6,1,7,600,0.8159722222222222,0.4201388888888889,0.8125,0.3958333333333333,0.8931034482758621,0.2655172413793103,0.9,0.3,1.8696304642073023,-0.3083875888869702,1.8059520782526413,-0.37857552641827974
7,0,3,400,0.5347222222222222,0.6388888888888888,0.5416666666666666,0.5833333333333334,0.39655172413793105,0.3275862068965517,0.46,0.38,0.1843054391145572,0.35443548494890037,0.20504706758792762,0.20295725430543357
7,0,3,600,0.5347222222222222,0.6388888888888888,0.5625,0.6458333333333334,0.39655172413793105,0.3275862068965517,0.42,0.3,0.1843054391145572,0.35443548494890037,0.32250703356619004,0.36314699592494587
7,0,5,400,0.5347222222222222,0.6388888888888888,0.5416666666666666,0.6666666666666666,0.39655172413793105,0.3275862068965517,0.38,0.3,0.1843054391145572,0.35443548494890037,0.2189197246086435,0.41494065040371914
7,0,5,600,0.5347222222222222,0.6388888888888888,0.5625,0.6458333333333334,0.39655172413793105,0.3275862068965517,0.42,0.3,0.1843054391145572,0.35443548494890037,0.32250703356619004,0.36314699592494587
7,0,7,400,0.5347222222222222,0.6388888888888888,0.4375,0.6458333333333334,0.39655172413793105,0.3275862068965517,0.3,0.42,0.1843054391145572,0.35443548494890037,-0.32250703356619004,0.36314699592494587
7,0,7,600,0.5347222222222222,0.6388888888888888,0.5625,0.6458333333333334,0.39655172413793105,0.3275862068965517,0.42,0.3,0.1843054391145572,0.35443548494890037,0.32250703356619004,0.36314699592494587
9,0,3,400,0.7326388888888888,0.5104166666666666,0.7916666666666666,0.4583333333333333,0.7206896551724138,0.25862068965517243,0.82,0.26,1.2324950601422096,0.03135605285387283,1.5587104932357307,-0.1360098412249484
9,0,3,600,0.7326388888888888,0.5104166666666666,0.7916666666666666,0.4583333333333333,0.7206896551724138,0.25862068965517243,0.82,0.26,1.2324950601422096,0.03135605285387283,1.5587104932357307,-0.1360098412249484
9,0,5,400,0.7326388888888888,0.5104166666666666,0.7916666666666666,0.4583333333333333,0.7206896551724138,0.25862068965517243,0.82,0.26,1.2324950601422096,0.03135605285387283,1.5587104932357307,-0.1360098412249484
9,0,5,600,0.7326388888888888,0.5104166666666666,0.625,0.5416666666666666,0.7206896551724138,0.25862068965517243,0.58,0.34,1.2324950601422096,0.03135605285387283,0.6143566085832555,0.105284825149777
9,0,7,400,0.7326388888888888,0.5104166666666666,0.7291666666666666,0.6041666666666666,0.7206896551724138,0.25862068965517243,0.62,0.18,1.2324950601422096,0.03135605285387283,1.2208458759422114,0.3049421498717083
9,0,7,600,0.7326388888888888,0.5104166666666666,0.6666666666666666,0.5416666666666666,0.7206896551724138,0.25862068965517243,0.62,0.3,1.2324950601422096,0.03135605285387283,0.8298813008074383,0.10945986230432175
10,1,3,400,0.6388888888888888,0.5486111111111112,0.6666666666666666,0.4583333333333333,0.5896551724137931,0.3137931034482759,0.7,0.38,0.7117851183156556,0.1292345165900186,0.829881300807438,-0.10945986230432164
10,1,3,600,0.6388888888888888,0.5486111111111112,0.7291666666666666,0.3958333333333333,0.5896551724137931,0.3137931034482759,0.82,0.38,0.7117851183156556,0.1292345165900186,1.2208458759422112,-0.3049421498717082
10,1,5,400,0.6388888888888888,0.5486111111111112,0.6666666666666666,0.6666666666666666,0.5896551724137931,0.3137931034482759,0.5,0.18,0.7117851183156556,0.1292345165900186,0.915365087842814,0.457682543921407
10,1,5,600,0.6388888888888888,0.5486111111111112,0.6458333333333334,0.4791666666666667,0.5896551724137931,0.3137931034482759,0.66,0.38,0.7117851183156556,0.1292345165900186,0.7179439175408023,-0.053491170671003785
10,1,7,400,0.6388888888888888,0.5486111111111112,0.5416666666666666,0.7083333333333334,0.5896551724137931,0.3137931034482759,0.34,0.26,0.7117851183156556,0.1292345165900186,0.23088227595151223,0.5279042674171608
10,1,7,600,0.6388888888888888,0.5486111111111112,0.5833333333333334,0.5833333333333334,0.5896551724137931,0.3137931034482759,0.5,0.34,0.7117851183156556,0.1292345165900186,0.41246312944140473,0.20623156472070237
12,1,3,400,0.4930555555555556,0.3888888888888889,0.4375,0.4375,0.603448275862069,0.6172413793103448,0.5,0.62,-0.035960842079124256,-0.28026318643118386,-0.3054807880993974,-0.1527403940496987
12,1,3,600,0.4930555555555556,0.3888888888888889,0.5,0.5,0.603448275862069,0.6172413793103448,0.5,0.5,-0.035960842079124256,-0.28026318643118386,0.0,-0.0
12,1,5,400,0.4930555555555556,0.3888888888888889,0.5625,0.3958333333333333,0.603448275862069,0.6172413793103448,0.66,0.54,-0.035960842079124256,-0.28026318643118386,0.3120294089299351,-0.25644842497643744
12,1,5,600,0.4930555555555556,0.3888888888888889,0.6041666666666666,0.3125,0.603448275862069,0.6172413793103448,0.78,0.58,-0.035960842079124256,-0.28026318643118386,0.5702997350468341,-0.4870433466652678
12,1,7,400,0.4930555555555556,0.3888888888888889,0.375,0.25,0.603448275862069,0.6172413793103448,0.62,0.86,-0.035960842079124256,-0.28026318643118386,-0.7748385527155585,-0.6929000644571766
12,1,7,600,0.4930555555555556,0.3888888888888889,0.4791666666666667,0.4375,0.603448275862069,0.6172413793103448,0.54,0.58,-0.035960842079124256,-0.28026318643118386,-0.10145975863038086,-0.1511635998266603
11,1,3,400,0.6076388888888888,0.5520833333333334,0.7291666666666666,0.5625,0.5551724137931034,0.3413793103448276,0.66,0.22,0.5474422044391667,0.13498055060542938,1.1846563436300896,0.17986504237363993
11,1,3,600,0.6076388888888888,0.5520833333333334,0.5416666666666666,0.16666666666666666,0.5551724137931034,0.3413793103448276,0.86,0.78,0.5474422044391667,0.13498055060542938,0.30812612662627104,-0.9262562775018204
11,1,5,400,0.6076388888888888,0.5520833333333334,0.5833333333333334,0.7083333333333334,0.5551724137931034,0.3413793103448276,0.38,0.22,0.5474422044391667,0.13498055060542938,0.4667124260892874,0.5388370011440411
11,1,5,600,0.6076388888888888,0.5520833333333334,0.625,0.375,0.5551724137931034,0.3413793103448276,0.74,0.5,0.5474422044391667,0.13498055060542938,0.643345405392917,-0.3216727026964585
11,1,7,400,0.6076388888888888,0.5520833333333334,0.5625,0.8958333333333334,0.5551724137931034,0.3413793103448276,0.18,0.06,0.5474422044391667,0.13498055060542938,0.6394085067540395,1.2350693412198337
11,1,7,600,0.6076388888888888,0.5520833333333334,0.6041666666666666,0.6041666666666666,0.5551724137931034,0.3413793103448276,0.5,0.3,0.5474422044391667,0.13498055060542938,0.5244005127080409,0.26220025635402044
13,0,3,400,0.4826388888888889,0.4965277777777778,0.4791666666666667,0.6875,0.4862068965517241,0.5206896551724138,0.3,0.34,-0.08646561832965274,-0.008651735002381648,-0.11193738326663616,0.4684318210747228
13,0,3,600,0.4826388888888889,0.4965277777777778,0.4166666666666667,0.4166666666666667,0.4862068965517241,0.5206896551724138,0.5,0.66,-0.08646561832965274,-0.008651735002381648,-0.41246312944140495,-0.20623156472070248
13,0,5,400,0.4826388888888889,0.4965277777777778,0.4583333333333333,0.5,0.4862068965517241,0.5206896551724138,0.46,0.54,-0.08646561832965274,-0.008651735002381648,-0.20086744102293963,-6.938893903907228e-17
13,0,5,600,0.4826388888888889,0.4965277777777778,0.5208333333333334,0.4375,0.4862068965517241,0.5206896551724138,0.58,0.54,-0.08646561832965274,-0.008651735002381648,0.10145975863038086,-0.1511635998266603
13,0,7,400,0.4826388888888889,0.4965277777777778,0.4583333333333333,0.4166666666666667,0.4862068965517241,0.5206896551724138,0.54,0.62,-0.08646561832965274,-0.008651735002381648,-0.2050470675879275,-0.20295725430543363
13,0,7,600,0.4826388888888889,0.4965277777777778,0.5625,0.5208333333333334,0.4862068965517241,0.5206896551724138,0.54,0.42,-0.08646561832965274,-0.008651735002381648,0.3023271996533208,0.0507298793151905
16,1,3,400,0.5347222222222222,0.4722222222222222,0.4166666666666667,0.4583333333333333,0.5620689655172414,0.49310344827586206,0.46,0.62,0.17350483621515705,-0.0694644654457395,-0.40591450861086714,-0.10252353379396381
16,1,3,600,0.5347222222222222,0.4722222222222222,0.5,0.5,0.5620689655172414,0.49310344827586206,0.5,0.5,0.17350483621515705,-0.0694644654457395,0.0,-0.0
16,1,5,400,0.5347222222222222,0.4722222222222222,0.4375,0.3125,0.5620689655172414,0.49310344827586206,0.62,0.74,0.17350483621515705,-0.0694644654457395,-0.3378646172935196,-0.47441309674615717
16,1,5,600,0.5347222222222222,0.4722222222222222,0.6041666666666666,0.5208333333333334,0.5620689655172414,0.49310344827586206,0.58,0.38,0.17350483621515705,-0.0694644654457395,0.5073742672412481,0.05179365447877332
16,1,7,400,0.5347222222222222,0.4722222222222222,0.6041666666666666,0.4791666666666667,0.5620689655172414,0.49310344827586206,0.62,0.42,0.17350483621515705,-0.0694644654457395,0.5073742672412482,-0.05179365447877325
16,1,7,600,0.5347222222222222,0.4722222222222222,0.6458333333333334,0.5625,0.5620689655172414,0.49310344827586206,0.58,0.3,0.17350483621515705,-0.0694644654457395,0.7262939918498916,0.16125351678309507
15,0,3,400,0.6770833333333334,0.6284722222222222,0.6666666666666666,0.5,0.5482758620689655,0.19655172413793104,0.66,0.34,0.9753092762494041,0.3663481432711461,0.8249262588828097,-1.1102230246251565e-16
15,0,3,600,0.6770833333333334,0.6284722222222222,0.7083333333333334,0.7083333333333334,0.5482758620689655,0.19655172413793104,0.5,0.1,0.9753092762494041,0.3663481432711461,1.2815515655446004,0.6407757827723002
15,0,5,400,0.6770833333333334,0.6284722222222222,0.625,0.625,0.5482758620689655,0.19655172413793104,0.5,0.26,0.9753092762494041,0.3663481432711461,0.643345405392917,0.3216727026964585
15,0,5,600,0.6770833333333334,0.6284722222222222,0.6666666666666666,0.6666666666666666,0.5482758620689655,0.19655172413793104,0.5,0.18,0.9753092762494041,0.3663481432711461,0.915365087842814,0.457682543921407
15,0,7,400,0.6770833333333334,0.6284722222222222,0.7083333333333334,0.5833333333333334,0.5482758620689655,0.19655172413793104,0.62,0.22,0.9753092762494041,0.3663481432711461,1.0776740022880822,0.2333562130446437
15,0,7,600,0.6770833333333334,0.6284722222222222,0.6875,0.6875,0.5482758620689655,0.19655172413793104,0.5,0.14,0.9753092762494041,0.3663481432711461,1.0803193408149558,0.5401596704074779
17,1,3,400,0.6180555555555556,0.5416666666666666,0.6041666666666666,0.5208333333333334,0.5758620689655173,0.3413793103448276,0.58,0.38,0.6000204155453236,0.1086914450523509,0.5073742672412481,0.05179365447877332
17,1,3,600,0.6180555555555556,0.5416666666666666,0.5833333333333334,0.4583333333333333,0.5758620689655173,0.3413793103448276,0.62,0.46,0.6000204155453236,0.1086914450523509,0.40591450861086714,-0.10252353379396381
17,1,5,400,0.6180555555555556,0.5416666666666666,0.6875,0.6041666666666666,0.5758620689655173,0.3413793103448276,0.58,0.22,0.6000204155453236,0.1086914450523509,0.9740866933305355,0.28514986752341703
17,1,5,600,0.6180555555555556,0.5416666666666666,0.7708333333333334,0.5625,0.5758620689655173,0.3413793103448276,0.7,0.18,0.6000204155453236,0.1086914450523509,1.4397656005508548,0.19548228756738667
17,1,7,400,0.6180555555555556,0.5416666666666666,0.5,0.5833333333333334,0.5758620689655173,0.3413793103448276,0.42,0.42,0.6000204155453236,0.1086914450523509,0.0,0.20189347914185088
17,1,7,600,0.6180555555555556,0.5416666666666666,0.5625,0.5208333333333334,0.5758620689655173,0.3413793103448276,0.54,0.42,0.6000204155453236,0.1086914450523509,0.3023271996533208,0.0507298793151905
18,1,3,400,0.8055555555555556,0.5069444444444444,0.8333333333333334,0.5416666666666666,0.7965517241379311,0.1896551724137931,0.78,0.14,1.7085351023238116,0.024900167282664254,1.8525125550036408,0.15406306331313552
18,1,3,600,0.8055555555555556,0.5069444444444444,0.7291666666666666,0.4791666666666667,0.7965517241379311,0.1896551724137931,0.74,0.3,1.7085351023238116,0.024900167282664254,1.167745918100958,-0.059472446342438035
18,1,5,400,0.8055555555555556,0.5069444444444444,0.8541666666666666,0.5208333333333334,0.7965517241379311,0.1896551724137931,0.82,0.14,1.7085351023238116,0.024900167282664254,1.9956844286577695,0.08247712648607103
18,1,5,600,0.8055555555555556,0.5069444444444444,0.8125,0.4791666666666667,0.7965517241379311,0.1896551724137931,0.82,0.22,1.7085351023238116,0.024900167282664254,1.6875583020314986,-0.07158593682706449
18,1,7,400,0.8055555555555556,0.5069444444444444,0.8125,0.5625,0.7965517241379311,0.1896551724137931,0.74,0.14,1.7085351023238116,0.024900167282664254,1.7236647462078727,0.21848696771101944
18,1,7,600,0.8055555555555556,0.5069444444444444,0.7916666666666666,0.4583333333333333,0.7965517241379311,0.1896551724137931,0.82,0.26,1.7085351023238116,0.024900167282664254,1.5587104932357307,-0.1360098412249484
19,0,3,400,0.9027777777777778,0.5555555555555556,0.8541666666666666,0.5625,0.8448275862068966,0.04482758620689655,0.78,0.1,2.7117182319410205,0.34136037018640963,2.053744779733285,0.2546791756779578
19,0,3,600,0.9027777777777778,0.5555555555555556,0.9375,0.5625,0.8448275862068966,0.04482758620689655,0.86,0.02,2.7117182319410205,0.34136037018640963,3.134068251446779,0.48671478490843356
19,0,5,400,0.9027777777777778,0.5555555555555556,0.9166666666666666,0.5833333333333334,0.8448275862068966,0.04482758620689655,0.82,0.02,2.7117182319410205,0.34136037018640963,2.969113998474637,0.5691919113945045
19,0,5,600,0.9027777777777778,0.5555555555555556,0.9375,0.5208333333333334,0.8448275862068966,0.04482758620689655,0.9,0.06,2.7117182319410205,0.34136037018640963,2.836325160141454,0.13661101452612656
19,0,7,400,0.9027777777777778,0.5555555555555556,0.875,0.5416666666666666,0.8448275862068966,0.04482758620689655,0.82,0.1,2.7117182319410205,0.34136037018640963,2.1969166533874143,0.1830932388508933
19,0,7,600,0.9027777777777778,0.5555555555555556,0.8958333333333334,0.5625,0.8448275862068966,0.04482758620689655,0.82,0.06,2.7117182319410205,0.34136037018640963,2.4701386824396674,0.31970425337701985
20,0,3,400,0.7118055555555556,0.5243055555555556,0.6875,0.5208333333333334,0.6862068965517242,0.2655172413793103,0.66,0.3,1.1115547189645274,0.07065028373441723,0.9368636421494458,0.05596869163331797
20,0,3,600,0.7118055555555556,0.5243055555555556,0.8125,0.5625,0.6862068965517242,0.2655172413793103,0.74,0.14,1.1115547189645274,0.07065028373441723,1.7236647462078727,0.21848696771101944
20,0,5,400,0.7118055555555556,0.5243055555555556,0.7083333333333334,0.5416666666666666,0.6862068965517242,0.2655172413793103,0.66,0.26,1.1115547189645274,0.07065028373441723,1.055808534834322,0.115441137975756
20,0,5,600,0.7118055555555556,0.5243055555555556,0.75,0.5416666666666666,0.6862068965517242,0.2655172413793103,0.7,0.22,1.1115547189645274,0.07065028373441723,1.2965937268967256,0.12389635074032207
20,0,7,400,0.7118055555555556,0.5243055555555556,0.5416666666666666,0.5,0.6862068965517242,0.2655172413793103,0.54,0.46,1.1115547189645274,0.07065028373441723,0.20086744102293963,-6.938893903907228e-17
20,0,7,600,0.7118055555555556,0.5243055555555556,0.7708333333333334,0.4791666666666667,0.6862068965517242,0.2655172413793103,0.78,0.26,1.1115547189645274,0.07065028373441723,1.4155386195816018,-0.06442390439788392
21,0,3,400,0.4861111111111111,0.4861111111111111,0.5833333333333334,0.4583333333333333,0.5,0.5275862068965518,0.62,0.46,-0.0692035640536147,-0.03460178202680735,0.40591450861086714,-0.10252353379396381
21,0,3,600,0.4861111111111111,0.4861111111111111,0.375,0.5833333333333334,0.5,0.5275862068965518,0.3,0.54,-0.0692035640536147,-0.03460178202680735,-0.6248342332195108,0.2119833960982855
21,0,5,400,0.4861111111111111,0.4861111111111111,0.4166666666666667,0.4583333333333333,0.5,0.5275862068965518,0.46,0.62,-0.0692035640536147,-0.03460178202680735,-0.40591450861086714,-0.10252353379396381
21,0,5,600,0.4861111111111111,0.4861111111111111,0.5625,0.4375,0.5,0.5275862068965518,0.62,0.5,-0.0692035640536147,-0.03460178202680735,0.3054807880993974,-0.1527403940496987
21,0,7,400,0.4861111111111111,0.4861111111111111,0.5416666666666666,0.5,0.5,0.5275862068965518,0.54,0.46,-0.0692035640536147,-0.03460178202680735,0.20086744102293963,-6.938893903907228e-17
21,0,7,600,0.4861111111111111,0.4861111111111111,0.4375,0.4791666666666667,0.5,0.5275862068965518,0.46,0.58,-0.0692035640536147,-0.03460178202680735,-0.3023271996533205,-0.0507298793151905
22,1,3,400,0.8194444444444444,0.6527777777777778,0.8333333333333334,0.6666666666666666,0.6655172413793103,0.03103448275862069,0.66,0.02,2.293370970511053,0.7191172785672362,2.466212040073228,0.820642890595209
22,1,3,600,0.8194444444444444,0.6527777777777778,0.875,0.625,0.6655172413793103,0.03103448275862069,0.74,0.02,2.293370970511053,0.7191172785672362,2.69709431602474,0.705201752619453
22,1,5,400,0.8194444444444444,0.6527777777777778,0.7916666666666666,0.625,0.6655172413793103,0.03103448275862069,0.66,0.1,2.293370970511053,0.7191172785672362,1.6940146949860053,0.4345442180515977
22,1,5,600,0.8194444444444444,0.6527777777777778,0.8333333333333334,0.625,0.6655172413793103,0.03103448275862069,0.7,0.06,2.293370970511053,0.7191172785672362,2.079174107304894,0.5151865409444064
22,1,7,400,0.8194444444444444,0.6527777777777778,0.7291666666666666,0.7708333333333334,0.6655172413793103,0.03103448275862069,0.46,0.02,2.293370970511053,0.7191172785672362,1.9533151901203532,1.0770913155716464
22,1,7,600,0.8194444444444444,0.6527777777777778,0.8541666666666666,0.6041666666666666,0.6655172413793103,0.03103448275862069,0.74,0.06,2.293370970511053,0.7191172785672362,2.1981189999897706,0.45571409460196827
23,1,3,400,0.5798611111111112,0.5104166666666666,0.6458333333333334,0.4375,0.5689655172413793,0.4103448275862069,0.7,0.42,0.40039910447958227,0.026458490328018225,0.7262939918498915,-0.1612535167830949
23,1,3,600,0.5798611111111112,0.5104166666666666,0.4791666666666667,0.4375,0.5689655172413793,0.4103448275862069,0.54,0.58,0.40039910447958227,0.026458490328018225,-0.10145975863038086,-0.1511635998266603
23,1,5,400,0.5798611111111112,0.5104166666666666,0.6458333333333334,0.5208333333333334,0.5689655172413793,0.4103448275862069,0.62,0.34,0.40039910447958227,0.026458490328018225,0.7179439175408021,0.053491170671003674
23,1,5,600,0.5798611111111112,0.5104166666666666,0.6458333333333334,0.3958333333333333,0.5689655172413793,0.4103448275862069,0.74,0.46,0.40039910447958227,0.026458490328018225,0.7437791259043867,-0.2714558424407236
23,1,7,400,0.5798611111111112,0.5104166666666666,0.5,0.625,0.5689655172413793,0.4103448275862069,0.38,0.38,0.40039910447958227,0.026458490328018225,0.0,0.3054807880993974
23,1,7,600,0.5798611111111112,0.5104166666666666,0.5625,0.6458333333333334,0.5689655172413793,0.4103448275862069,0.42,0.3,0.40039910447958227,0.026458490328018225,0.32250703356619004,0.36314699592494587
24,1,3,400,0.7291666666666666,0.4027777777777778,0.8125,0.4375,0.8241379310344827,0.3689655172413793,0.86,0.26,1.2658446815835693,-0.29832789395438297,1.7236647462078727,-0.21848696771101944
24,1,3,600,0.7291666666666666,0.4027777777777778,0.75,0.375,0.8241379310344827,0.3689655172413793,0.86,0.38,1.2658446815835693,-0.29832789395438297,1.3858001289143531,-0.38741927635777923
24,1,5,400,0.7291666666666666,0.4027777777777778,0.7291666666666666,0.4375,0.8241379310344827,0.3689655172413793,0.78,0.34,1.2658446815835693,-0.29832789395438297,1.1846563436300896,-0.17986504237364004
24,1,5,600,0.7291666666666666,0.4027777777777778,0.7083333333333334,0.2916666666666667,0.8241379310344827,0.3689655172413793,0.9,0.5,1.2658446815835693,-0.29832789395438297,1.2815515655446004,-0.6407757827723002
24,1,7,400,0.7291666666666666,0.4027777777777778,0.7083333333333334,0.5,0.8241379310344827,0.3689655172413793,0.7,0.3,1.2658446815835693,-0.29832789395438297,1.0488010254160816,1.1102230246251565e-16
24,1,7,600,0.7291666666666666,0.4027777777777778,0.6666666666666666,0.375,0.8241379310344827,0.3689655172413793,0.78,0.46,1.2658446815835693,-0.29832789395438297,0.8726269347001545,-0.33587974683860755
25,1,3,400,0.6180555555555556,0.5972222222222222,0.6041666666666666,0.5625,0.5206896551724138,0.28620689655172415,0.54,0.34,0.6163847015074096,0.2563078065864968,0.5128968499528747,0.15601470446496743
25,1,3,600,0.6180555555555556,0.5972222222222222,0.5416666666666666,0.5,0.5206896551724138,0.28620689655172415,0.54,0.46,0.6163847015074096,0.2563078065864968,0.20086744102293963,-6.938893903907228e-17
25,1,5,400,0.6180555555555556,0.5972222222222222,0.7291666666666666,0.6875,0.5206896551724138,0.28620689655172415,0.54,0.1,0.6163847015074096,0.2563078065864968,1.3819852860560702,0.5905589225165653
25,1,5,600,0.6180555555555556,0.5972222222222222,0.625,0.5416666666666666,0.5206896551724138,0.28620689655172415,0.58,0.34,0.6163847015074096,0.2563078065864968,0.6143566085832555,0.105284825149777
25,1,7,400,0.6180555555555556,0.5972222222222222,0.5,0.625,0.5206896551724138,0.28620689655172415,0.38,0.38,0.6163847015074096,0.2563078065864968,0.0,0.3054807880993974
25,1,7,600,0.6180555555555556,0.5972222222222222,0.7083333333333334,0.6666666666666666,0.5206896551724138,0.28620689655172415,0.54,0.14,0.6163847015074096,0.2563078065864968,1.1807530613264257,0.48994281015174296
26,0,3,400,0.4791666666666667,0.3541666666666667,0.4166666666666667,0.3333333333333333,0.6241379310344828,0.6655172413793103,0.58,0.74,-0.11120143879123967,-0.3719674872926706,-0.4414519262510662,-0.42261944226738385
26,0,3,600,0.4791666666666667,0.3541666666666667,0.4583333333333333,0.375,0.6241379310344828,0.6655172413793103,0.58,0.66,-0.11120143879123967,-0.3719674872926706,-0.2105696502995542,-0.30717830429162785
26,0,5,400,0.4791666666666667,0.3541666666666667,0.5416666666666666,0.5,0.6241379310344828,0.6655172413793103,0.54,0.46,-0.11120143879123967,-0.3719674872926706,0.20086744102293963,-6.938893903907228e-17
26,0,5,600,0.4791666666666667,0.3541666666666667,0.5208333333333334,0.3125,0.6241379310344828,0.6655172413793103,0.7,0.66,-0.11120143879123967,-0.3719674872926706,0.11193738326663571,-0.4684318210747228
26,0,7,400,0.4791666666666667,0.3541666666666667,0.4583333333333333,0.375,0.6241379310344828,0.6655172413793103,0.58,0.66,-0.11120143879123967,-0.3719674872926706,-0.2105696502995542,-0.30717830429162785
26,0,7,600,0.4791666666666667,0.3541666666666667,0.4791666666666667,0.22916666666666666,0.6241379310344828,0.6655172413793103,0.74,0.78,-0.11120143879123967,-0.3719674872926706,-0.12884780879576785,-0.7077693097908009
27,1,3,400,0.5625,0.5625,0.625,0.4166666666666667,0.5,0.3758620689655172,0.7,0.46,0.31636676789705076,0.15818338394852538,0.6248342332195104,-0.21198339609828545
27,1,3,600,0.5625,0.5625,0.5416666666666666,0.5416666666666666,0.5,0.3758620689655172,0.5,0.42,0.31636676789705076,0.15818338394852538,0.20189347914185088,0.10094673957092544
27,1,5,400,0.5625,0.5625,0.5208333333333334,0.6041666666666666,0.5,0.3758620689655172,0.42,0.38,0.31636676789705076,0.15818338394852538,0.1035873089575465,0.2536871336206241
27,1,5,600,0.5625,0.5625,0.5625,0.6458333333333334,0.5,0.3758620689655172,0.42,0.3,0.31636676789705076,0.15818338394852538,0.32250703356619004,0.36314699592494587
27,1,7,400,0.5625,0.5625,0.5416666666666666,0.625,0.5,0.3758620689655172,0.42,0.34,0.31636676789705076,0.15818338394852538,0.21056965029955385,0.3071783042916278
27,1,7,600,0.5625,0.5625,0.5833333333333334,0.5416666666666666,0.5,0.3758620689655172,0.54,0.38,0.31636676789705076,0.15818338394852538,0.40591450861086725,0.10252353379396376
29,0,3,400,0.5868055555555556,0.2673611111111111,0.7083333333333334,0.2916666666666667,0.8172413793103448,0.6448275862068965,0.9,0.5,0.5335091098790646,-0.6381475696588679,1.2815515655446004,-0.6407757827723002
29,0,3,600,0.5868055555555556,0.2673611111111111,0.5416666666666666,0.20833333333333334,0.8172413793103448,0.6448275862068965,0.82,0.74,0.5335091098790646,-0.6381475696588679,0.2720196824498968,-0.7793552466178654
29,0,5,400,0.5868055555555556,0.2673611111111111,0.5,0.3333333333333333,0.8172413793103448,0.6448275862068965,0.66,0.66,0.5335091098790646,-0.6381475696588679,0.0,-0.41246312944140495
29,0,5,600,0.5868055555555556,0.2673611111111111,0.6041666666666666,0.22916666666666666,0.8172413793103448,0.6448275862068965,0.86,0.66,0.5335091098790646,-0.6381475696588679,0.6678562113735509,-0.7463912351281804
29,0,7,400,0.5868055555555556,0.2673611111111111,0.6041666666666666,0.3125,0.8172413793103448,0.6448275862068965,0.78,0.58,0.5335091098790646,-0.6381475696588679,0.5702997350468341,-0.4870433466652678
29,0,7,600,0.5868055555555556,0.2673611111111111,0.5625,0.22916666666666666,0.8172413793103448,0.6448275862068965,0.82,0.7,0.5335091098790646,-0.6381475696588679,0.3909645751347731,-0.7198828002754272
30,0,3,400,0.5034722222222222,0.46875,0.5,0.4166666666666667,0.5344827586206896,0.5275862068965518,0.58,0.58,0.017339803861401146,-0.07787346598431527,0.0,-0.20189347914185074
30,0,3,600,0.5034722222222222,0.46875,0.5625,0.4375,0.5344827586206896,0.5275862068965518,0.62,0.5,0.017339803861401146,-0.07787346598431527,0.3054807880993974,-0.1527403940496987
30,0,5,400,0.5034722222222222,0.46875,0.5416666666666666,0.5,0.5344827586206896,0.5275862068965518,0.54,0.46,0.017339803861401146,-0.07787346598431527,0.20086744102293963,-6.938893903907228e-17
30,0,5,600,0.5034722222222222,0.46875,0.4791666666666667,0.5625,0.5344827586206896,0.5275862068965518,0.42,0.46,0.017339803861401146,-0.07787346598431527,-0.10145975863038113,0.1511635998266603
30,0,7,400,0.5034722222222222,0.46875,0.5,0.375,0.5344827586206896,0.5275862068965518,0.62,0.62,0.017339803861401146,-0.07787346598431527,0.0,-0.3054807880993974
30,0,7,600,0.5034722222222222,0.46875,0.4375,0.5208333333333334,0.5344827586206896,0.5275862068965518,0.42,0.54,0.017339803861401146,-0.07787346598431527,-0.3023271996533208,0.0507298793151905
32,0,3,400,0.6006944444444444,0.6354166666666666,0.5416666666666666,0.6666666666666666,0.46551724137931033,0.2655172413793103,0.38,0.3,0.539884275301665,0.35648550556584846,0.2189197246086435,0.41494065040371914
32,0,3,600,0.6006944444444444,0.6354166666666666,0.6041666666666666,0.6041666666666666,0.46551724137931033,0.2655172413793103,0.5,0.3,0.539884275301665,0.35648550556584846,0.5244005127080409,0.26220025635402044
32,0,5,400,0.6006944444444444,0.6354166666666666,0.5625,0.7708333333333334,0.46551724137931033,0.2655172413793103,0.3,0.18,0.539884275301665,0.35648550556584846,0.3909645751347731,0.7198828002754274
32,0,5,600,0.6006944444444444,0.6354166666666666,0.5833333333333334,0.5416666666666666,0.46551724137931033,0.2655172413793103,0.54,0.38,0.539884275301665,0.35648550556584846,0.40591450861086725,0.10252353379396376
32,0,7,400,0.6006944444444444,0.6354166666666666,0.6666666666666666,0.5416666666666666,0.46551724137931033,0.2655172413793103,0.62,0.3,0.539884275301665,0.35648550556584846,0.8298813008074383,0.10945986230432175
32,0,7,600,0.6006944444444444,0.6354166666666666,0.6458333333333334,0.6875,0.46551724137931033,0.2655172413793103,0.46,0.18,0.539884275301665,0.35648550556584846,0.8149313673313443,0.5078994041771419
33,1,3,400,0.6631944444444444,0.4965277777777778,0.6666666666666666,0.5,0.6655172413793103,0.3413793103448276,0.66,0.34,0.8362698595133031,-0.009433276931638868,0.8249262588828097,-1.1102230246251565e-16
33,1,3,600,0.6631944444444444,0.4965277777777778,0.75,0.375,0.6655172413793103,0.3413793103448276,0.86,0.38,0.8362698595133031,-0.009433276931638868,1.3858001289143531,-0.38741927635777923
33,1,5,400,0.6631944444444444,0.4965277777777778,0.5416666666666666,0.5833333333333334,0.6655172413793103,0.3413793103448276,0.46,0.38,0.8362698595133031,-0.009433276931638868,0.20504706758792762,0.20295725430543357
33,1,5,600,0.6631944444444444,0.4965277777777778,0.6875,0.3958333333333333,0.6655172413793103,0.3413793103448276,0.78,0.42,0.8362698595133031,-0.009433276931638868,0.9740866933305357,-0.285149867523417
33,1,7,400,0.6631944444444444,0.4965277777777778,0.6875,0.6875,0.6655172413793103,0.3413793103448276,0.5,0.14,0.8362698595133031,-0.009433276931638868,1.0803193408149558,0.5401596704074779
33,1,7,600,0.6631944444444444,0.4965277777777778,0.6458333333333334,0.4375,0.6655172413793103,0.3413793103448276,0.7,0.42,0.8362698595133031,-0.009433276931638868,0.7262939918498915,-0.1612535167830949
34,1,3,400,0.5173611111111112,0.6006944444444444,0.4166666666666667,0.5833333333333334,0.41724137931034483,0.38275862068965516,0.34,0.5,0.08928782698604468,0.2535996939777237,-0.41246312944140473,0.20623156472070237
34,1,3,600,0.5173611111111112,0.6006944444444444,0.4791666666666667,0.5208333333333334,0.41724137931034483,0.38275862068965516,0.46,0.5,0.08928782698604468,0.2535996939777237,-0.10043372051146975,0.05021686025573487
34,1,5,400,0.5173611111111112,0.6006944444444444,0.5833333333333334,0.5416666666666666,0.41724137931034483,0.38275862068965516,0.54,0.38,0.08928782698604468,0.2535996939777237,0.40591450861086725,0.10252353379396376
34,1,5,600,0.5173611111111112,0.6006944444444444,0.6458333333333334,0.6458333333333334,0.41724137931034483,0.38275862068965516,0.5,0.22,0.08928782698604468,0.2535996939777237,0.7721932141886848,0.3860966070943424
34,1,7,400,0.5173611111111112,0.6006944444444444,0.4375,0.6458333333333334,0.41724137931034483,0.38275862068965516,0.3,0.42,0.08928782698604468,0.2535996939777237,-0.32250703356619004,0.36314699592494587
34,1,7,600,0.5173611111111112,0.6006944444444444,0.5416666666666666,0.6666666666666666,0.41724137931034483,0.38275862068965516,0.38,0.3,0.08928782698604468,0.2535996939777237,0.2189197246086435,0.41494065040371914
35,1,3,400,0.4583333333333333,0.5486111111111112,0.5,0.625,0.4103448275862069,0.49310344827586206,0.38,0.38,-0.20937008990597034,0.12197299761482419,0.0,0.3054807880993974
35,1,3,600,0.4583333333333333,0.5486111111111112,0.5625,0.5208333333333334,0.4103448275862069,0.49310344827586206,0.54,0.42,-0.20937008990597034,0.12197299761482419,0.3023271996533208,0.0507298793151905
35,1,5,400,0.4583333333333333,0.5486111111111112,0.375,0.5,0.4103448275862069,0.49310344827586206,0.38,0.62,-0.20937008990597034,0.12197299761482419,-0.6109615761987948,-0.0
35,1,5,600,0.4583333333333333,0.5486111111111112,0.3958333333333333,0.4791666666666667,0.4103448275862069,0.49310344827586206,0.42,0.62,-0.20937008990597034,0.12197299761482419,-0.5073742672412482,-0.05179365447877325
35,1,7,400,0.4583333333333333,0.5486111111111112,0.4791666666666667,0.6041666666666666,0.4103448275862069,0.49310344827586206,0.38,0.42,-0.20937008990597034,0.12197299761482419,-0.1035873089575465,0.2536871336206241
35,1,7,600,0.4583333333333333,0.5486111111111112,0.4375,0.5625,0.4103448275862069,0.49310344827586206,0.38,0.5,-0.20937008990597034,0.12197299761482419,-0.3054807880993974,0.1527403940496987
36,1,3,400,0.5208333333333334,0.6805555555555556,0.5208333333333334,0.6875,0.3413793103448276,0.3,0.34,0.3,0.1156988598830282,0.4665510827665268,0.11193738326663616,0.4684318210747228
36,1,3,600,0.5208333333333334,0.6805555555555556,0.5625,0.7291666666666666,0.3413793103448276,0.3,0.34,0.22,0.1156988598830282,0.4665510827665268,0.3597300847472801,0.5923281718150448
36,1,5,400,0.5208333333333334,0.6805555555555556,0.4791666666666667,0.6875,0.3413793103448276,0.3,0.3,0.34,0.1156988598830282,0.4665510827665268,-0.11193738326663616,0.4684318210747228
36,1,5,600,0.5208333333333334,0.6805555555555556,0.5416666666666666,0.5833333333333334,0.3413793103448276,0.3,0.46,0.38,0.1156988598830282,0.4665510827665268,0.20504706758792762,0.20295725430543357
36,1,7,400,0.5208333333333334,0.6805555555555556,0.5208333333333334,0.6458333333333334,0.3413793103448276,0.3,0.38,0.34,0.1156988598830282,0.4665510827665268,0.10698234134200735,0.35897195877040106
36,1,7,600,0.5208333333333334,0.6805555555555556,0.5,0.75,0.3413793103448276,0.3,0.26,0.26,0.1156988598830282,0.4665510827665268,0.0,0.643345405392917
37,1,3,400,0.7743055555555556,0.4201388888888889,0.875,0.4166666666666667,0.8517241379310345,0.30689655172413793,0.94,0.22,1.5485231214323898,-0.26959507415373946,2.326966808785538,-0.39129019020408434
37,1,3,600,0.7743055555555556,0.4201388888888889,0.7083333333333334,0.3333333333333333,0.8517241379310345,0.30689655172413793,0.86,0.46,1.5485231214323898,-0.26959507415373946,1.1807530613264257,-0.48994281015174307
37,1,5,400,0.7743055555555556,0.4201388888888889,0.8125,0.4375,0.8517241379310345,0.30689655172413793,0.86,0.26,1.5485231214323898,-0.26959507415373946,1.7236647462078727,-0.21848696771101944
37,1,5,600,0.7743055555555556,0.4201388888888889,0.7916666666666666,0.375,0.8517241379310345,0.30689655172413793,0.9,0.34,1.5485231214323898,-0.26959507415373946,1.694014694986005,-0.4345442180515978
37,1,7,400,0.7743055555555556,0.4201388888888889,0.7291666666666666,0.5625,0.8517241379310345,0.30689655172413793,0.66,0.22,1.5485231214323898,-0.26959507415373946,1.1846563436300896,0.17986504237363993
37,1,7,600,0.7743055555555556,0.4201388888888889,0.7291666666666666,0.3958333333333333,0.8517241379310345,0.30689655172413793,0.82,0.38,1.5485231214323898,-0.26959507415373946,1.2208458759422112,-0.3049421498717082
38,1,3,400,0.8055555555555556,0.4791666666666667,0.7916666666666666,0.4166666666666667,0.8241379310344827,0.21724137931034482,0.86,0.3,1.7127939796204297,-0.07485324493595286,1.6047198535229967,-0.2779594140534575
38,1,3,600,0.8055555555555556,0.4791666666666667,0.8541666666666666,0.4375,0.8241379310344827,0.21724137931034482,0.9,0.22,1.7127939796204297,-0.07485324493595286,2.053744779733285,-0.2546791756779578
38,1,5,400,0.8055555555555556,0.4791666666666667,0.8125,0.5625,0.8241379310344827,0.21724137931034482,0.74,0.14,1.7127939796204297,-0.07485324493595286,1.7236647462078727,0.21848696771101944
38,1,5,600,0.8055555555555556,0.4791666666666667,0.7916666666666666,0.4583333333333333,0.8241379310344827,0.21724137931034482,0.82,0.26,1.7127939796204297,-0.07485324493595286,1.5587104932357307,-0.1360098412249484
38,1,7,400,0.8055555555555556,0.4791666666666667,0.7708333333333334,0.5208333333333334,0.8241379310344827,0.21724137931034482,0.74,0.22,1.7127939796204297,-0.07485324493595286,1.4155386195816018,0.06442390439788392
38,1,7,600,0.8055555555555556,0.4791666666666667,0.8125,0.4791666666666667,0.8241379310344827,0.21724137931034482,0.82,0.22,1.7127939796204297,-0.07485324493595286,1.6875583020314986,-0.07158593682706449
41,1,3,400,0.8020833333333334,0.6493055555555556,0.6875,0.8125,0.6517241379310345,0.05172413793103448,0.38,0.02,2.018340881949889,0.6191909657419623,1.7482681225324255,1.1796148493656102
41,1,3,600,0.8020833333333334,0.6493055555555556,0.8125,0.6458333333333334,0.6517241379310345,0.05172413793103448,0.66,0.06,2.018340881949889,0.6191909657419623,1.9672367240382584,0.5711552325777243
41,1,5,400,0.8020833333333334,0.6493055555555556,0.8125,0.6875,0.6517241379310345,0.05172413793103448,0.62,0.02,2.018340881949889,0.6191909657419623,2.3592296987312205,0.8741340612662127
41,1,5,600,0.8020833333333334,0.6493055555555556,0.8125,0.6458333333333334,0.6517241379310345,0.05172413793103448,0.66,0.06,2.018340881949889,0.6191909657419623,1.9672367240382584,0.5711552325777243
41,1,7,400,0.8020833333333334,0.6493055555555556,0.8541666666666666,0.6041666666666666,0.6517241379310345,0.05172413793103448,0.74,0.06,2.018340881949889,0.6191909657419623,2.1981189999897706,0.45571409460196827
41,1,7,600,0.8020833333333334,0.6493055555555556,0.8333333333333334,0.5,0.6517241379310345,0.05172413793103448,0.82,0.18,2.018340881949889,0.6191909657419623,1.8307301756856278,1.1102230246251565e-16
43,1,3,400,0.8159722222222222,0.6006944444444444,0.8125,0.6875,0.7137931034482758,0.08620689655172414,0.62,0.02,1.92898890551053,0.39999429541506343,2.3592296987312205,0.8741340612662127
43,1,3,600,0.8159722222222222,0.6006944444444444,0.8333333333333334,0.625,0.7137931034482758,0.08620689655172414,0.7,0.06,1.92898890551053,0.39999429541506343,2.079174107304894,0.5151865409444064
43,1,5,400,0.8159722222222222,0.6006944444444444,0.7708333333333334,0.6458333333333334,0.7137931034482758,0.08620689655172414,0.62,0.1,1.92898890551053,0.39999429541506343,1.5870323536439979,0.4880353887226015
43,1,5,600,0.8159722222222222,0.6006944444444444,0.8333333333333334,0.5833333333333334,0.7137931034482758,0.08620689655172414,0.74,0.1,1.92898890551053,0.39999429541506343,1.9248969709375174,0.3191030800758417
43,1,7,400,0.8159722222222222,0.6006944444444444,0.8958333333333334,0.4791666666666667,0.7137931034482758,0.08620689655172414,0.9,0.14,1.92898890551053,0.39999429541506343,2.361870906359556,-0.10061611236482226
43,1,7,600,0.8159722222222222,0.6006944444444444,0.75,0.5833333333333334,0.7137931034482758,0.08620689655172414,0.66,0.18,1.92898890551053,0.39999429541506343,1.3278282172842188,0.2514509792007045
56,1,3,400,0.5763888888888888,0.4722222222222222,0.4375,0.4791666666666667,0.603448275862069,0.4517241379310345,0.46,0.58,0.38358926024517775,-0.07048813526903289,-0.3023271996533205,-0.0507298793151905
56,1,3,600,0.5763888888888888,0.4722222222222222,0.6458333333333334,0.3958333333333333,0.603448275862069,0.4517241379310345,0.74,0.46,0.38358926024517775,-0.07048813526903289,0.7437791259043867,-0.2714558424407236
56,1,5,400,0.5763888888888888,0.4722222222222222,0.6041666666666666,0.4791666666666667,0.603448275862069,0.4517241379310345,0.62,0.42,0.38358926024517775,-0.07048813526903289,0.5073742672412482,-0.05179365447877325
56,1,5,600,0.5763888888888888,0.4722222222222222,0.5625,0.4791666666666667,0.603448275862069,0.4517241379310345,0.58,0.46,0.38358926024517775,-0.07048813526903289,0.3023271996533205,-0.0507298793151905
56,1,7,400,0.5763888888888888,0.4722222222222222,0.625,0.5,0.603448275862069,0.4517241379310345,0.62,0.38,0.38358926024517775,-0.07048813526903289,0.6109615761987948,-0.0
56,1,7,600,0.5763888888888888,0.4722222222222222,0.5833333333333334,0.5,0.603448275862069,0.4517241379310345,0.58,0.42,0.38358926024517775,-0.07048813526903289,0.4037869582837016,6.938893903907228e-17
58,1,3,400,0.5,0.375,0.5208333333333334,0.7708333333333334,0.6241379310344828,0.6241379310344828,0.26,0.22,0.0,-0.31636676789705076,0.12884780879576785,0.7077693097908009
58,1,3,600,0.5,0.375,0.5,0.9166666666666666,0.6241379310344828,0.6241379310344828,0.1,0.1,0.0,-0.31636676789705076,0.0,1.2815515655446004
58,1,5,400,0.5,0.375,0.4791666666666667,0.1875,0.6241379310344828,0.6241379310344828,0.78,0.82,0.0,-0.31636676789705076,-0.14317187365412898,-0.8437791510157493
58,1,5,600,0.5,0.375,0.4791666666666667,0.22916666666666666,0.6241379310344828,0.6241379310344828,0.74,0.78,0.0,-0.31636676789705076,-0.12884780879576785,-0.7077693097908009
58,1,7,400,0.5,0.375,0.5,0.041666666666666664,0.6241379310344828,0.6241379310344828,0.94,0.94,0.0,-0.31636676789705076,0.0,-1.5547735945968535
58,1,7,600,0.5,0.375,0.5208333333333334,0.10416666666666667,0.6241379310344828,0.6241379310344828,0.9,0.86,0.0,-0.31636676789705076,0.20123222472964453,-1.180935453179778
61,0,3,400,0.5104166666666666,0.5520833333333334,0.5208333333333334,0.7291666666666666,0.4586206896551724,0.4379310344827586,0.3,0.26,0.05230764980993914,0.13006305864834847,0.11894489268487607,0.583872959050479
61,0,3,600,0.5104166666666666,0.5520833333333334,0.5416666666666666,0.4583333333333333,0.4586206896551724,0.4379310344827586,0.58,0.5,0.05230764980993914,0.13006305864834847,0.20189347914185074,-0.10094673957092537
61,0,5,400,0.5104166666666666,0.5520833333333334,0.5208333333333334,0.5625,0.4586206896551724,0.4379310344827586,0.46,0.42,0.05230764980993914,0.13006305864834847,0.10145975863038113,0.1511635998266603
61,0,5,600,0.5104166666666666,0.5520833333333334,0.4583333333333333,0.4166666666666667,0.4586206896551724,0.4379310344827586,0.54,0.62,0.05230764980993914,0.13006305864834847,-0.2050470675879275,-0.20295725430543363
61,0,7,400,0.5104166666666666,0.5520833333333334,0.5416666666666666,0.625,0.4586206896551724,0.4379310344827586,0.42,0.34,0.05230764980993914,0.13006305864834847,0.21056965029955385,0.3071783042916278
61,0,7,600,0.5104166666666666,0.5520833333333334,0.4791666666666667,0.5208333333333334,0.4586206896551724,0.4379310344827586,0.46,0.5,0.05230764980993914,0.13006305864834847,-0.10043372051146975,0.05021686025573487
60,0,3,400,0.5034722222222222,0.4965277777777778,0.5,0.7083333333333334,0.506896551724138,0.5,0.3,0.3,0.017287952661839023,-0.008643976330919512,0.0,0.5244005127080409
60,0,3,600,0.5034722222222222,0.4965277777777778,0.5208333333333334,0.2708333333333333,0.506896551724138,0.5,0.74,0.7,0.017287952661839023,-0.008643976330919512,0.11894489268487629,-0.5838729590504788
60,0,5,400,0.5034722222222222,0.4965277777777778,0.5,0.75,0.506896551724138,0.5,0.26,0.26,0.017287952661839023,-0.008643976330919512,0.0,0.643345405392917
60,0,5,600,0.5034722222222222,0.4965277777777778,0.4791666666666667,0.3541666666666667,0.506896551724138,0.5,0.62,0.66,0.017287952661839023,-0.008643976330919512,-0.10698234134200757,-0.35897195877040117
60,0,7,400,0.5034722222222222,0.4965277777777778,0.5416666666666666,0.6666666666666666,0.506896551724138,0.5,0.38,0.3,0.017287952661839023,-0.008643976330919512,0.2189197246086435,0.41494065040371914
60,0,7,600,0.5034722222222222,0.4965277777777778,0.4791666666666667,0.22916666666666666,0.506896551724138,0.5,0.74,0.78,0.017287952661839023,-0.008643976330919512,-0.12884780879576785,-0.7077693097908009
63,0,3,400,0.6111111111111112,0.4375,0.625,0.625,0.6724137931034483,0.4517241379310345,0.5,0.26,0.5678946993597349,-0.1626408548263115,0.643345405392917,0.3216727026964585
63,0,3,600,0.6111111111111112,0.4375,0.75,0.2916666666666667,0.6724137931034483,0.4517241379310345,0.94,0.46,0.5678946993597349,-0.1626408548263115,1.6552073151083233,-0.7271699370426918
63,0,5,400,0.6111111111111112,0.4375,0.5,0.5416666666666666,0.6724137931034483,0.4517241379310345,0.46,0.46,0.5678946993597349,-0.1626408548263115,0.0,0.10043372051146975
63,0,5,600,0.6111111111111112,0.4375,0.625,0.2916666666666667,0.6724137931034483,0.4517241379310345,0.82,0.58,0.5678946993597349,-0.1626408548263115,0.713471608700963,-0.5586292834923323
63,0,7,400,0.6111111111111112,0.4375,0.5625,0.6041666666666666,0.6724137931034483,0.4517241379310345,0.46,0.34,0.5678946993597349,-0.1626408548263115,0.31202940892993497,0.2564484249764372
63,0,7,600,0.6111111111111112,0.4375,0.6041666666666666,0.2708333333333333,0.6724137931034483,0.4517241379310345,0.82,0.62,0.5678946993597349,-0.1626408548263115,0.6098842997434164,-0.6104229379711056
64,1,3,400,0.6423611111111112,0.6770833333333334,0.6875,0.6875,0.46551724137931033,0.18275862068965518,0.5,0.14,0.8183587566833843,0.4957227462567081,1.0803193408149558,0.5401596704074779
64,1,3,600,0.6423611111111112,0.6770833333333334,0.7916666666666666,0.625,0.46551724137931033,0.18275862068965518,0.66,0.1,0.8183587566833843,0.4957227462567081,1.6940146949860053,0.4345442180515977
64,1,5,400,0.6423611111111112,0.6770833333333334,0.4583333333333333,0.6666666666666666,0.46551724137931033,0.18275862068965518,0.3,0.38,0.8183587566833843,0.4957227462567081,-0.2189197246086435,0.41494065040371914
64,1,5,600,0.6423611111111112,0.6770833333333334,0.6458333333333334,0.5625,0.46551724137931033,0.18275862068965518,0.58,0.3,0.8183587566833843,0.4957227462567081,0.7262939918498916,0.16125351678309507
64,1,7,400,0.6423611111111112,0.6770833333333334,0.6041666666666666,0.7708333333333334,0.46551724137931033,0.18275862068965518,0.34,0.14,0.8183587566833843,0.4957227462567081,0.6678562113735511,0.7463912351281803
64,1,7,600,0.6423611111111112,0.6770833333333334,0.6666666666666666,0.75,0.46551724137931033,0.18275862068965518,0.42,0.1,0.8183587566833843,0.4957227462567081,1.0796580864027494,0.7417225223432257
65,0,3,400,0.5034722222222222,0.5659722222222222,0.4791666666666667,0.7708333333333334,0.4379310344827586,0.43103448275862066,0.22,0.26,0.017524178358454878,0.16497897273254547,-0.12884780879576785,0.7077693097908009
65,0,3,600,0.5034722222222222,0.5659722222222222,0.5208333333333334,0.3541666666666667,0.4379310344827586,0.43103448275862066,0.66,0.62,0.017524178358454878,0.16497897273254547,0.10698234134200757,-0.35897195877040117
65,0,5,400,0.5034722222222222,0.5659722222222222,0.5416666666666666,0.75,0.4379310344827586,0.43103448275862066,0.3,0.22,0.017524178358454878,0.16497897273254547,0.24779270148064392,0.6482968634483628
65,0,5,600,0.5034722222222222,0.5659722222222222,0.5,0.4166666666666667,0.4379310344827586,0.43103448275862066,0.58,0.58,0.017524178358454878,0.16497897273254547,0.0,-0.20189347914185074
65,0,7,400,0.5034722222222222,0.5659722222222222,0.5,0.75,0.4379310344827586,0.43103448275862066,0.26,0.26,0.017524178358454878,0.16497897273254547,0.0,0.643345405392917
65,0,7,600,0.5034722222222222,0.5659722222222222,0.4791666666666667,0.3541666666666667,0.4379310344827586,0.43103448275862066,0.62,0.66,0.017524178358454878,0.16497897273254547,-0.10698234134200757,-0.35897195877040117
47,0,3,400,0.5416666666666666,0.4027777777777778,0.4375,0.4791666666666667,0.6379310344827587,0.5551724137931034,0.46,0.58,0.21419343451276268,-0.24583726887053528,-0.3023271996533205,-0.0507298793151905
47,0,3,600,0.5416666666666666,0.4027777777777778,0.5,0.4166666666666667,0.6379310344827587,0.5551724137931034,0.58,0.58,0.21419343451276268,-0.24583726887053528,0.0,-0.20189347914185074
47,0,5,400,0.5416666666666666,0.4027777777777778,0.5833333333333334,0.4166666666666667,0.6379310344827587,0.5551724137931034,0.66,0.5,0.21419343451276268,-0.24583726887053528,0.41246312944140495,-0.20623156472070248
47,0,5,600,0.5416666666666666,0.4027777777777778,0.5208333333333334,0.4791666666666667,0.6379310344827587,0.5551724137931034,0.54,0.5,0.21419343451276268,-0.24583726887053528,0.10043372051146988,-0.05021686025573494
47,0,7,400,0.5416666666666666,0.4027777777777778,0.625,0.20833333333333334,0.6379310344827587,0.5551724137931034,0.9,0.66,0.21419343451276268,-0.24583726887053528,0.8690884361031954,-0.8470073474930027
47,0,7,600,0.5416666666666666,0.4027777777777778,0.5833333333333334,0.4166666666666667,0.6379310344827587,0.5551724137931034,0.66,0.5,0.21419343451276268,-0.24583726887053528,0.41246312944140495,-0.20623156472070248
100,1,3,400,0.5590277777777778,0.6701388888888888,0.5625,0.6041666666666666,0.3896551724137931,0.27241379310344827,0.46,0.34,0.3253110768744484,0.442873424802332,0.31202940892993497,0.2564484249764372
100,1,3,600,0.5590277777777778,0.6701388888888888,0.6041666666666666,0.6458333333333334,0.3896551724137931,0.27241379310344827,0.46,0.26,0.3253110768744484,0.442873424802332,0.5429116848814473,0.37188956295219333
100,1,5,400,0.5590277777777778,0.6701388888888888,0.5208333333333334,0.7708333333333334,0.3896551724137931,0.27241379310344827,0.26,0.22,0.3253110768744484,0.442873424802332,0.12884780879576785,0.7077693097908009
100,1,5,600,0.5590277777777778,0.6701388888888888,0.6458333333333334,0.5625,0.3896551724137931,0.27241379310344827,0.58,0.3,0.3253110768744484,0.442873424802332,0.7262939918498916,0.16125351678309507
100,1,7,400,0.5590277777777778,0.6701388888888888,0.5416666666666666,0.7083333333333334,0.3896551724137931,0.27241379310344827,0.34,0.26,0.3253110768744484,0.442873424802332,0.23088227595151223,0.5279042674171608
100,1,7,600,0.5590277777777778,0.6701388888888888,0.4791666666666667,0.7291666666666666,0.3896551724137931,0.27241379310344827,0.26,0.3,0.3253110768744484,0.442873424802332,-0.11894489268487607,0.583872959050479
98,0,3,400,0.6041666666666666,0.4027777777777778,0.6666666666666666,0.4583333333333333,0.7,0.49310344827586206,0.7,0.38,0.5416884653698797,-0.2535562800231008,0.829881300807438,-0.10945986230432164
98,0,3,600,0.6041666666666666,0.4027777777777778,0.625,0.375,0.7,0.49310344827586206,0.74,0.5,0.5416884653698797,-0.2535562800231008,0.643345405392917,-0.3216727026964585
98,0,5,400,0.6041666666666666,0.4027777777777778,0.6875,0.5208333333333334,0.7,0.49310344827586206,0.66,0.3,0.5416884653698797,-0.2535562800231008,0.9368636421494458,0.05596869163331797
98,0,5,600,0.6041666666666666,0.4027777777777778,0.5416666666666666,0.4166666666666667,0.7,0.49310344827586206,0.62,0.54,0.5416884653698797,-0.2535562800231008,0.2050470675879275,-0.20295725430543363
98,0,7,400,0.6041666666666666,0.4027777777777778,0.625,0.375,0.7,0.49310344827586206,0.74,0.5,0.5416884653698797,-0.2535562800231008,0.643345405392917,-0.3216727026964585
98,0,7,600,0.6041666666666666,0.4027777777777778,0.4791666666666667,0.2708333333333333,0.7,0.49310344827586206,0.7,0.74,0.5416884653698797,-0.2535562800231008,-0.11894489268487629,-0.5838729590504788
101,0,3,400,0.6875,0.4861111111111111,0.5833333333333334,0.3333333333333333,0.7,0.3275862068965517,0.74,0.58,0.9709887172142196,-0.038906154100930845,0.4414519262510662,-0.42261944226738385
101,0,3,600,0.6875,0.4861111111111111,0.6875,0.7708333333333334,0.7,0.3275862068965517,0.42,0.06,0.9709887172142196,-0.038906154100930845,1.3528801154550025,0.8783335368693522
101,0,5,400,0.6875,0.4861111111111111,0.6666666666666666,0.25,0.7,0.3275862068965517,0.9,0.58,0.9709887172142196,-0.038906154100930845,1.0796580864027496,-0.7417225223432256
101,0,5,600,0.6875,0.4861111111111111,0.7083333333333334,0.5833333333333334,0.7,0.3275862068965517,0.62,0.22,0.9709887172142196,-0.038906154100930845,1.0776740022880822,0.2333562130446437
101,0,7,400,0.6875,0.4861111111111111,0.6875,0.3958333333333333,0.7,0.3275862068965517,0.78,0.42,0.9709887172142196,-0.038906154100930845,0.9740866933305357,-0.285149867523417
101,0,7,600,0.6875,0.4861111111111111,0.7916666666666666,0.5833333333333334,0.7,0.3275862068965517,0.7,0.14,0.9709887172142196,-0.038906154100930845,1.6047198535229965,0.2779594140534576
102,1,3,400,0.7083333333333334,0.5416666666666666,0.7083333333333334,0.4166666666666667,0.6655172413793103,0.2517241379310345,0.78,0.38,1.0966422044618354,0.12075289554262725,1.0776740022880822,-0.2333562130446437
102,1,3,600,0.7083333333333334,0.5416666666666666,0.7291666666666666,0.4375,0.6655172413793103,0.2517241379310345,0.78,0.34,1.0966422044618354,0.12075289554262725,1.1846563436300896,-0.17986504237364004
102,1,5,400,0.7083333333333334,0.5416666666666666,0.6875,0.6458333333333334,0.6655172413793103,0.2517241379310345,0.54,0.18,1.0966422044618354,0.12075289554262725,1.015798808354284,0.40746568366567204
102,1,5,600,0.7083333333333334,0.5416666666666666,0.75,0.4583333333333333,0.6655172413793103,0.2517241379310345,0.78,0.3,1.0966422044618354,0.12075289554262725,1.2965937268967256,-0.12389635074032196
102,1,7,400,0.7083333333333334,0.5416666666666666,0.6458333333333334,0.8125,0.6655172413793103,0.2517241379310345,0.34,0.06,1.0966422044618354,0.12075289554262725,1.1423104651554488,0.9836183620191291
102,1,7,600,0.7083333333333334,0.5416666666666666,0.7291666666666666,0.4791666666666667,0.6655172413793103,0.2517241379310345,0.74,0.3,1.0966422044618354,0.12075289554262725,1.167745918100958,-0.059472446342438035
103,0,3,400,0.4756944444444444,0.46875,0.5625,0.4791666666666667,0.506896551724138,0.5551724137931034,0.58,0.46,-0.12145259895231492,-0.07801425213799648,0.3023271996533205,-0.0507298793151905
103,0,3,600,0.4756944444444444,0.46875,0.4583333333333333,0.4583333333333333,0.506896551724138,0.5551724137931034,0.5,0.58,-0.12145259895231492,-0.07801425213799648,-0.20189347914185074,-0.10094673957092537
103,0,5,400,0.4756944444444444,0.46875,0.4583333333333333,0.5416666666666666,0.506896551724138,0.5551724137931034,0.42,0.5,-0.12145259895231492,-0.07801425213799648,-0.20189347914185088,0.10094673957092544
103,0,5,600,0.4756944444444444,0.46875,0.5,0.4166666666666667,0.506896551724138,0.5551724137931034,0.58,0.58,-0.12145259895231492,-0.07801425213799648,0.0,-0.20189347914185074
103,0,7,400,0.4756944444444444,0.46875,0.3541666666666667,0.3541666666666667,0.506896551724138,0.5551724137931034,0.5,0.78,-0.12145259895231492,-0.07801425213799648,-0.7721932141886848,-0.3860966070943424
103,0,7,600,0.4756944444444444,0.46875,0.5208333333333334,0.5625,0.506896551724138,0.5551724137931034,0.46,0.42,-0.12145259895231492,-0.07801425213799648,0.10145975863038113,0.1511635998266603
105,1,3,400,0.6666666666666666,0.5069444444444444,0.7083333333333334,0.5416666666666666,0.6586206896551724,0.3275862068965517,0.66,0.26,0.8552898573311917,0.01894327584058314,1.055808534834322,0.115441137975756
105,1,3,600,0.6666666666666666,0.5069444444444444,0.6875,0.4375,0.6586206896551724,0.3275862068965517,0.74,0.38,0.8552898573311917,0.01894327584058314,0.9488261934923143,-0.1689323086467598
105,1,5,400,0.6666666666666666,0.5069444444444444,0.5625,0.5625,0.6586206896551724,0.3275862068965517,0.5,0.38,0.8552898573311917,0.01894327584058314,0.3054807880993974,0.1527403940496987
105,1,5,600,0.6666666666666666,0.5069444444444444,0.625,0.5,0.6586206896551724,0.3275862068965517,0.62,0.38,0.8552898573311917,0.01894327584058314,0.6109615761987948,-0.0
105,1,7,400,0.6666666666666666,0.5069444444444444,0.6875,0.4791666666666667,0.6586206896551724,0.3275862068965517,0.7,0.34,0.8552898573311917,0.01894327584058314,0.9368636421494454,-0.05596869163331797
105,1,7,600,0.6666666666666666,0.5069444444444444,0.7291666666666666,0.5208333333333334,0.6586206896551724,0.3275862068965517,0.7,0.26,0.8552898573311917,0.01894327584058314,1.1677459181009575,0.059472446342438146
104,0,3,400,0.5069444444444444,0.4236111111111111,0.5208333333333334,0.5208333333333334,0.5827586206896552,0.5689655172413793,0.5,0.46,0.03521471857292857,-0.1913484211982372,0.10043372051146975,0.05021686025573487
104,0,3,600,0.5069444444444444,0.4236111111111111,0.5,0.4166666666666667,0.5827586206896552,0.5689655172413793,0.58,0.58,0.03521471857292857,-0.1913484211982372,0.0,-0.20189347914185074
104,0,5,400,0.5069444444444444,0.4236111111111111,0.4583333333333333,0.4583333333333333,0.5827586206896552,0.5689655172413793,0.5,0.58,0.03521471857292857,-0.1913484211982372,-0.20189347914185074,-0.10094673957092537
104,0,5,600,0.5069444444444444,0.4236111111111111,0.6041666666666666,0.3541666666666667,0.5827586206896552,0.5689655172413793,0.74,0.54,0.03521471857292857,-0.1913484211982372,0.542911684881447,-0.37188956295219344
104,0,7,400,0.5069444444444444,0.4236111111111111,0.5,0.375,0.5827586206896552,0.5689655172413793,0.62,0.62,0.03521471857292857,-0.1913484211982372,0.0,-0.3054807880993974
104,0,7,600,0.5069444444444444,0.4236111111111111,0.4583333333333333,0.4166666666666667,0.5827586206896552,0.5689655172413793,0.54,0.62,0.03521471857292857,-0.1913484211982372,-0.2050470675879275,-0.20295725430543363
107,0,3,400,0.6701388888888888,0.4131944444444444,0.6875,0.3541666666666667,0.7551724137931034,0.41724137931034483,0.82,0.46,0.8998131598912412,-0.2409507994609193,1.0157988083542835,-0.40746568366567204
107,0,3,600,0.6701388888888888,0.4131944444444444,0.6666666666666666,0.4583333333333333,0.7551724137931034,0.41724137931034483,0.7,0.38,0.8998131598912412,-0.2409507994609193,0.829881300807438,-0.10945986230432164
107,0,5,400,0.6701388888888888,0.4131944444444444,0.7083333333333334,0.5416666666666666,0.7551724137931034,0.41724137931034483,0.66,0.26,0.8998131598912412,-0.2409507994609193,1.055808534834322,0.115441137975756
107,0,5,600,0.6701388888888888,0.4131944444444444,0.625,0.4166666666666667,0.7551724137931034,0.41724137931034483,0.7,0.46,0.8998131598912412,-0.2409507994609193,0.6248342332195104,-0.21198339609828545
107,0,7,400,0.6701388888888888,0.4131944444444444,0.6458333333333334,0.2708333333333333,0.7551724137931034,0.41724137931034483,0.86,0.58,0.8998131598912412,-0.2409507994609193,0.8784258616731051,-0.6411064099784033
107,0,7,600,0.6701388888888888,0.4131944444444444,0.6875,0.4375,0.7551724137931034,0.41724137931034483,0.74,0.38,0.8998131598912412,-0.2409507994609193,0.9488261934923143,-0.1689323086467598
109,0,3,400,0.5138888888888888,0.6180555555555556,0.4791666666666667,0.5208333333333334,0.39655172413793105,0.3689655172413793,0.46,0.5,0.07231168144577993,0.29843860611451173,-0.10043372051146975,0.05021686025573487
109,0,3,600,0.5138888888888888,0.6180555555555556,0.5416666666666666,0.6666666666666666,0.39655172413793105,0.3689655172413793,0.38,0.3,0.07231168144577993,0.29843860611451173,0.2189197246086435,0.41494065040371914
109,0,5,400,0.5138888888888888,0.6180555555555556,0.4166666666666667,0.6666666666666666,0.39655172413793105,0.3689655172413793,0.26,0.42,0.07231168144577993,0.29843860611451173,-0.4414519262510661,0.4226194422673839
109,0,5,600,0.5138888888888888,0.6180555555555556,0.6666666666666666,0.5833333333333334,0.39655172413793105,0.3689655172413793,0.58,0.26,0.07231168144577993,0.29843860611451173,0.8452388845347677,0.2207259631255331
109,0,7,400,0.5138888888888888,0.6180555555555556,0.5,0.625,0.39655172413793105,0.3689655172413793,0.38,0.38,0.07231168144577993,0.29843860611451173,0.0,0.3054807880993974
109,0,7,600,0.5138888888888888,0.6180555555555556,0.4791666666666667,0.6458333333333334,0.39655172413793105,0.3689655172413793,0.34,0.38,0.07231168144577993,0.29843860611451173,-0.10698234134200735,0.35897195877040106
112,0,3,400,0.5451388888888888,0.4756944444444444,0.5208333333333334,0.5625,0.5689655172413793,0.4793103448275862,0.46,0.42,0.2256256060789808,-0.060928258872282516,0.10145975863038113,0.1511635998266603
112,0,3,600,0.5451388888888888,0.4756944444444444,0.5625,0.3958333333333333,0.5689655172413793,0.4793103448275862,0.66,0.54,0.2256256060789808,-0.060928258872282516,0.3120294089299351,-0.25644842497643744
112,0,5,400,0.5451388888888888,0.4756944444444444,0.5625,0.6458333333333334,0.5689655172413793,0.4793103448275862,0.42,0.3,0.2256256060789808,-0.060928258872282516,0.32250703356619004,0.36314699592494587
112,0,5,600,0.5451388888888888,0.4756944444444444,0.5833333333333334,0.3333333333333333,0.5689655172413793,0.4793103448275862,0.74,0.58,0.2256256060789808,-0.060928258872282516,0.4414519262510662,-0.42261944226738385
112,0,7,400,0.5451388888888888,0.4756944444444444,0.5416666666666666,0.5416666666666666,0.5689655172413793,0.4793103448275862,0.5,0.42,0.2256256060789808,-0.060928258872282516,0.20189347914185088,0.10094673957092544
112,0,7,600,0.5451388888888888,0.4756944444444444,0.5,0.375,0.5689655172413793,0.4793103448275862,0.62,0.62,0.2256256060789808,-0.060928258872282516,0.0,-0.3054807880993974
106,0,3,400,0.8402777777777778,0.4583333333333333,0.8125,0.3541666666666667,0.8793103448275862,0.20344827586206896,0.94,0.34,2.0009135551820036,-0.17108939371176018,1.9672367240382582,-0.5711552325777244
106,0,3,600,0.8402777777777778,0.4583333333333333,0.875,0.4166666666666667,0.8793103448275862,0.20344827586206896,0.94,0.22,2.0009135551820036,-0.17108939371176018,2.326966808785538,-0.39129019020408434
106,0,5,400,0.8402777777777778,0.4583333333333333,0.875,0.5,0.8793103448275862,0.20344827586206896,0.86,0.14,2.0009135551820036,-0.17108939371176018,2.1606386816299117,-0.0
106,0,5,600,0.8402777777777778,0.4583333333333333,0.75,0.5,0.8793103448275862,0.20344827586206896,0.74,0.26,2.0009135551820036,-0.17108939371176018,1.286690810785834,-0.0
106,0,7,400,0.8402777777777778,0.4583333333333333,0.8958333333333334,0.4791666666666667,0.8793103448275862,0.20344827586206896,0.9,0.14,2.0009135551820036,-0.17108939371176018,2.361870906359556,-0.10061611236482226
106,0,7,600,0.8402777777777778,0.4583333333333333,0.8333333333333334,0.5,0.8793103448275862,0.20344827586206896,0.82,0.18,2.0009135551820036,-0.17108939371176018,1.8307301756856278,1.1102230246251565e-16
115,0,3,400,0.8333333333333334,0.4513888888888889,0.7708333333333334,0.4791666666666667,0.8793103448275862,0.21724137931034482,0.78,0.26,1.9530899161770239,-0.19500121321425,1.4155386195816018,-0.06442390439788392
115,0,3,600,0.8333333333333334,0.4513888888888889,0.8125,0.3541666666666667,0.8793103448275862,0.21724137931034482,0.94,0.34,1.9530899161770239,-0.19500121321425,1.9672367240382582,-0.5711552325777244
115,0,5,400,0.8333333333333334,0.4513888888888889,0.8541666666666666,0.5208333333333334,0.8793103448275862,0.21724137931034482,0.82,0.14,1.9530899161770239,-0.19500121321425,1.9956844286577695,0.08247712648607103
115,0,5,600,0.8333333333333334,0.4513888888888889,0.8333333333333334,0.4583333333333333,0.8793103448275862,0.21724137931034482,0.86,0.22,1.9530899161770239,-0.19500121321425,1.8525125550036408,-0.15406306331313552
115,0,7,400,0.8333333333333334,0.4513888888888889,0.7916666666666666,0.4166666666666667,0.8793103448275862,0.21724137931034482,0.86,0.3,1.9530899161770239,-0.19500121321425,1.6047198535229967,-0.2779594140534575
115,0,7,600,0.8333333333333334,0.4513888888888889,0.9375,0.4791666666666667,0.8793103448275862,0.21724137931034482,0.94,0.1,1.9530899161770239,-0.19500121321425,2.836325160141454,-0.13661101452612656
117,0,3,400,0.5451388888888888,0.6006944444444444,0.5625,0.5208333333333334,0.44482758620689655,0.35517241379310344,0.54,0.42,0.23265246310518178,0.2550667831667448,0.3023271996533208,0.0507298793151905
117,0,3,600,0.5451388888888888,0.6006944444444444,0.5416666666666666,0.625,0.44482758620689655,0.35517241379310344,0.42,0.34,0.23265246310518178,0.2550667831667448,0.21056965029955385,0.3071783042916278
117,0,5,400,0.5451388888888888,0.6006944444444444,0.4791666666666667,0.6458333333333334,0.44482758620689655,0.35517241379310344,0.34,0.38,0.23265246310518178,0.2550667831667448,-0.10698234134200735,0.35897195877040106
117,0,5,600,0.5451388888888888,0.6006944444444444,0.5625,0.6041666666666666,0.44482758620689655,0.35517241379310344,0.46,0.34,0.23265246310518178,0.2550667831667448,0.31202940892993497,0.2564484249764372
117,0,7,400,0.5451388888888888,0.6006944444444444,0.5,0.6666666666666666,0.44482758620689655,0.35517241379310344,0.34,0.34,0.23265246310518178,0.2550667831667448,0.0,0.41246312944140473
117,0,7,600,0.5451388888888888,0.6006944444444444,0.625,0.5416666666666666,0.44482758620689655,0.35517241379310344,0.58,0.34,0.23265246310518178,0.2550667831667448,0.6143566085832555,0.105284825149777
116,0,3,400,0.5590277777777778,0.5381944444444444,0.6041666666666666,0.6458333333333334,0.5206896551724138,0.40344827586206894,0.46,0.26,0.2963161685338873,0.09627354009973563,0.5429116848814473,0.37188956295219333
116,0,3,600,0.5590277777777778,0.5381944444444444,0.6041666666666666,0.4791666666666667,0.5206896551724138,0.40344827586206894,0.62,0.42,0.2963161685338873,0.09627354009973563,0.5073742672412482,-0.05179365447877325
116,0,5,400,0.5590277777777778,0.5381944444444444,0.5416666666666666,0.5833333333333334,0.5206896551724138,0.40344827586206894,0.46,0.38,0.2963161685338873,0.09627354009973563,0.20504706758792762,0.20295725430543357
116,0,5,600,0.5590277777777778,0.5381944444444444,0.5416666666666666,0.4583333333333333,0.5206896551724138,0.40344827586206894,0.58,0.5,0.2963161685338873,0.09627354009973563,0.20189347914185074,-0.10094673957092537
116,0,7,400,0.5590277777777778,0.5381944444444444,0.5208333333333334,0.5208333333333334,0.5206896551724138,0.40344827586206894,0.5,0.46,0.2963161685338873,0.09627354009973563,0.10043372051146975,0.05021686025573487
116,0,7,600,0.5590277777777778,0.5381944444444444,0.5416666666666666,0.5416666666666666,0.5206896551724138,0.40344827586206894,0.5,0.42,0.2963161685338873,0.09627354009973563,0.20189347914185088,0.10094673957092544
118,0,3,400,0.5486111111111112,0.5625,0.4375,0.7291666666666666,0.4862068965517241,0.3896551724137931,0.22,0.34,0.2456368122026631,0.15739948026377626,-0.3597300847472801,0.5923281718150448
118,0,3,600,0.5486111111111112,0.5625,0.5208333333333334,0.5625,0.4862068965517241,0.3896551724137931,0.46,0.42,0.2456368122026631,0.15739948026377626,0.10145975863038113,0.1511635998266603
118,0,5,400,0.5486111111111112,0.5625,0.5,0.5833333333333334,0.4862068965517241,0.3896551724137931,0.42,0.42,0.2456368122026631,0.15739948026377626,0.0,0.20189347914185088
118,0,5,600,0.5486111111111112,0.5625,0.6041666666666666,0.4791666666666667,0.4862068965517241,0.3896551724137931,0.62,0.42,0.2456368122026631,0.15739948026377626,0.5073742672412482,-0.05179365447877325
118,0,7,400,0.5486111111111112,0.5625,0.625,0.625,0.4862068965517241,0.3896551724137931,0.5,0.26,0.2456368122026631,0.15739948026377626,0.643345405392917,0.3216727026964585
118,0,7,600,0.5486111111111112,0.5625,0.6041666666666666,0.3958333333333333,0.4862068965517241,0.3896551724137931,0.7,0.5,0.2456368122026631,0.15739948026377626,0.5244005127080407,-0.26220025635402033
119,0,3,400,0.75,0.4583333333333333,0.6458333333333334,0.3958333333333333,0.7896551724137931,0.29310344827586204,0.74,0.46,1.3495662567301252,-0.13044221342945206,0.7437791259043867,-0.2714558424407236
119,0,3,600,0.75,0.4583333333333333,0.6875,0.4791666666666667,0.7896551724137931,0.29310344827586204,0.7,0.34,1.3495662567301252,-0.13044221342945206,0.9368636421494454,-0.05596869163331797
119,0,5,400,0.75,0.4583333333333333,0.8541666666666666,0.5208333333333334,0.7896551724137931,0.29310344827586204,0.82,0.14,1.3495662567301252,-0.13044221342945206,1.9956844286577695,0.08247712648607103
119,0,5,600,0.75,0.4583333333333333,0.8958333333333334,0.5625,0.7896551724137931,0.29310344827586204,0.82,0.06,1.3495662567301252,-0.13044221342945206,2.4701386824396674,0.31970425337701985
119,0,7,400,0.75,0.4583333333333333,0.6875,0.3125,0.7896551724137931,0.29310344827586204,0.86,0.5,1.3495662567301252,-0.13044221342945206,1.0803193408149558,-0.5401596704074779
119,0,7,600,0.75,0.4583333333333333,0.7291666666666666,0.4791666666666667,0.7896551724137931,0.29310344827586204,0.74,0.3,1.3495662567301252,-0.13044221342945206,1.167745918100958,-0.059472446342438035
121,0,3,400,0.7708333333333334,0.6319444444444444,0.625,0.75,0.6379310344827587,0.1,0.38,0.14,1.634485551671517,0.4643087897088419,0.7748385527155585,0.6929000644571766
121,0,3,600,0.7708333333333334,0.6319444444444444,0.8541666666666666,0.5208333333333334,0.6379310344827587,0.1,0.82,0.14,1.634485551671517,0.4643087897088419,1.9956844286577695,0.08247712648607103
121,0,5,400,0.7708333333333334,0.6319444444444444,0.6458333333333334,0.7708333333333334,0.6379310344827587,0.1,0.38,0.1,1.634485551671517,0.4643087897088419,0.976070777445203,0.7935161768219989
121,0,5,600,0.7708333333333334,0.6319444444444444,0.8541666666666666,0.5625,0.6379310344827587,0.1,0.78,0.1,1.634485551671517,0.4643087897088419,2.053744779733285,0.2546791756779578
121,0,7,400,0.7708333333333334,0.6319444444444444,0.7916666666666666,0.6666666666666666,0.6379310344827587,0.1,0.62,0.06,1.634485551671517,0.4643087897088419,1.860254382696251,0.624646403248728
121,0,7,600,0.7708333333333334,0.6319444444444444,0.8541666666666666,0.5208333333333334,0.6379310344827587,0.1,0.82,0.14,1.634485551671517,0.4643087897088419,1.9956844286577695,0.08247712648607103
122,1,3,400,0.4930555555555556,0.4861111111111111,0.4791666666666667,0.0625,0.506896551724138,0.5206896551724138,0.9,0.94,-0.03459659150536899,-0.03458624841452352,-0.2732220290522531,-1.418162580070727
122,1,3,600,0.4930555555555556,0.4861111111111111,0.5416666666666666,0.08333333333333333,0.506896551724138,0.5206896551724138,0.94,0.86,-0.03459659150536899,-0.03458624841452352,0.47445425378189765,-1.3175464677059048
122,1,5,400,0.4930555555555556,0.4861111111111111,0.375,0.4583333333333333,0.506896551724138,0.5206896551724138,0.42,0.66,-0.03459659150536899,-0.03458624841452352,-0.6143566085832558,-0.10528482514977704
122,1,5,600,0.4930555555555556,0.4861111111111111,0.5625,0.5208333333333334,0.506896551724138,0.5206896551724138,0.54,0.42,-0.03459659150536899,-0.03458624841452352,0.3023271996533208,0.0507298793151905
122,1,7,400,0.4930555555555556,0.4861111111111111,0.5,0.9166666666666666,0.506896551724138,0.5206896551724138,0.1,0.1,-0.03459659150536899,-0.03458624841452352,0.0,1.2815515655446004
122,1,7,600,0.4930555555555556,0.4861111111111111,0.5,0.875,0.506896551724138,0.5206896551724138,0.14,0.14,-0.03459659150536899,-0.03458624841452352,0.0,1.0803193408149558
124,1,3,400,0.5555555555555556,0.5486111111111112,0.5208333333333334,0.4791666666666667,0.506896551724138,0.39655172413793105,0.54,0.5,0.2795707180534608,0.12249740636489137,0.10043372051146988,-0.05021686025573494
124,1,3,600,0.5555555555555556,0.5486111111111112,0.6041666666666666,0.3958333333333333,0.506896551724138,0.39655172413793105,0.7,0.5,0.2795707180534608,0.12249740636489137,0.5244005127080407,-0.26220025635402033
124,1,5,400,0.5555555555555556,0.5486111111111112,0.4583333333333333,0.6666666666666666,0.506896551724138,0.39655172413793105,0.3,0.38,0.2795707180534608,0.12249740636489137,-0.2189197246086435,0.41494065040371914
124,1,5,600,0.5555555555555556,0.5486111111111112,0.6458333333333334,0.4791666666666667,0.506896551724138,0.39655172413793105,0.66,0.38,0.2795707180534608,0.12249740636489137,0.7179439175408023,-0.053491170671003785
124,1,7,400,0.5555555555555556,0.5486111111111112,0.6041666666666666,0.8125,0.506896551724138,0.39655172413793105,0.3,0.1,0.2795707180534608,0.12249740636489137,0.7571510528365595,0.9029760391263206
124,1,7,600,0.5555555555555556,0.5486111111111112,0.5,0.4583333333333333,0.506896551724138,0.39655172413793105,0.54,0.54,0.2795707180534608,0.12249740636489137,0.0,-0.10043372051146988
125,1,3,400,0.7708333333333334,0.5694444444444444,0.6458333333333334,0.6458333333333334,0.7,0.16206896551724137,0.5,0.22,1.5103906940930951,0.2307948343385069,0.7721932141886848,0.3860966070943424
125,1,3,600,0.7708333333333334,0.5694444444444444,0.8125,0.5208333333333334,0.7,0.16206896551724137,0.78,0.18,1.5103906940930951,0.2307948343385069,1.6875583020314988,0.0715859368270646
125,1,5,400,0.7708333333333334,0.5694444444444444,0.7083333333333334,0.625,0.7,0.16206896551724137,0.58,0.18,1.5103906940930951,0.2307948343385069,1.1172585669846646,0.35673580435048163
125,1,5,600,0.7708333333333334,0.5694444444444444,0.8541666666666666,0.6041666666666666,0.7,0.16206896551724137,0.74,0.06,1.5103906940930951,0.2307948343385069,2.1981189999897706,0.45571409460196827
125,1,7,400,0.7708333333333334,0.5694444444444444,0.75,0.5833333333333334,0.7,0.16206896551724137,0.66,0.18,1.5103906940930951,0.2307948343385069,1.3278282172842188,0.2514509792007045
125,1,7,600,0.7708333333333334,0.5694444444444444,0.8541666666666666,0.4375,0.7,0.16206896551724137,0.9,0.22,1.5103906940930951,0.2307948343385069,2.053744779733285,-0.2546791756779578
126,0,3,400,0.5694444444444444,0.5138888888888888,0.5625,0.5208333333333334,0.5551724137931034,0.41724137931034483,0.54,0.42,0.3476963320988553,0.0351076144352737,0.3023271996533208,0.0507298793151905
126,0,3,600,0.5694444444444444,0.5138888888888888,0.7708333333333334,0.4375,0.5551724137931034,0.41724137931034483,0.82,0.3,0.3476963320988553,0.0351076144352737,1.4397656005508548,-0.19548228756738645
126,0,5,400,0.5694444444444444,0.5138888888888888,0.5208333333333334,0.6458333333333334,0.5551724137931034,0.41724137931034483,0.38,0.34,0.3476963320988553,0.0351076144352737,0.10698234134200735,0.35897195877040106
126,0,5,600,0.5694444444444444,0.5138888888888888,0.6458333333333334,0.5208333333333334,0.5551724137931034,0.41724137931034483,0.62,0.34,0.3476963320988553,0.0351076144352737,0.7179439175408021,0.053491170671003674
126,0,7,400,0.5694444444444444,0.5138888888888888,0.3958333333333333,0.4375,0.5551724137931034,0.41724137931034483,0.46,0.66,0.3476963320988553,0.0351076144352737,-0.5128968499528747,-0.1560147044649676
126,0,7,600,0.5694444444444444,0.5138888888888888,0.5208333333333334,0.5208333333333334,0.5551724137931034,0.41724137931034483,0.5,0.46,0.3476963320988553,0.0351076144352737,0.10043372051146975,0.05021686025573487
127,0,3,400,0.5451388888888888,0.4826388888888889,0.6458333333333334,0.5208333333333334,0.5620689655172414,0.4724137931034483,0.62,0.34,0.22542044760693258,-0.04350665974985173,0.7179439175408021,0.053491170671003674
127,0,3,600,0.5451388888888888,0.4826388888888889,0.4791666666666667,0.4375,0.5620689655172414,0.4724137931034483,0.54,0.58,0.22542044760693258,-0.04350665974985173,-0.10145975863038086,-0.1511635998266603
127,0,5,400,0.5451388888888888,0.4826388888888889,0.5,0.5,0.5620689655172414,0.4724137931034483,0.5,0.5,0.22542044760693258,-0.04350665974985173,0.0,-0.0
127,0,5,600,0.5451388888888888,0.4826388888888889,0.5208333333333334,0.5208333333333334,0.5620689655172414,0.4724137931034483,0.5,0.46,0.22542044760693258,-0.04350665974985173,0.10043372051146975,0.05021686025573487
127,0,7,400,0.5451388888888888,0.4826388888888889,0.6041666666666666,0.4791666666666667,0.5620689655172414,0.4724137931034483,0.62,0.42,0.22542044760693258,-0.04350665974985173,0.5073742672412482,-0.05179365447877325
127,0,7,600,0.5451388888888888,0.4826388888888889,0.5208333333333334,0.4375,0.5620689655172414,0.4724137931034483,0.58,0.54,0.22542044760693258,-0.04350665974985173,0.10145975863038086,-0.1511635998266603
128,0,3,400,0.7604166666666666,0.6215277777777778,0.7916666666666666,0.625,0.6379310344827587,0.1206896551724138,0.66,0.1,1.5244801574296787,0.40930609258792267,1.6940146949860053,0.4345442180515977
128,0,3,600,0.7604166666666666,0.6215277777777778,0.7916666666666666,0.625,0.6379310344827587,0.1206896551724138,0.66,0.1,1.5244801574296787,0.40930609258792267,1.6940146949860053,0.4345442180515977
128,0,5,400,0.7604166666666666,0.6215277777777778,0.7083333333333334,0.7083333333333334,0.6379310344827587,0.1206896551724138,0.5,0.1,1.5244801574296787,0.40930609258792267,1.2815515655446004,0.6407757827723002
128,0,5,600,0.7604166666666666,0.6215277777777778,0.7291666666666666,0.6041666666666666,0.6379310344827587,0.1206896551724138,0.62,0.18,1.5244801574296787,0.40930609258792267,1.2208458759422114,0.3049421498717083
128,0,7,400,0.7604166666666666,0.6215277777777778,0.7083333333333334,0.6666666666666666,0.6379310344827587,0.1206896551724138,0.54,0.14,1.5244801574296787,0.40930609258792267,1.1807530613264257,0.48994281015174296
128,0,7,600,0.7604166666666666,0.6215277777777778,0.8333333333333334,0.5,0.6379310344827587,0.1206896551724138,0.82,0.18,1.5244801574296787,0.40930609258792267,1.8307301756856278,1.1102230246251565e-16
129,0,3,400,0.6076388888888888,0.5381944444444444,0.4166666666666667,0.6666666666666666,0.5689655172413793,0.35517241379310344,0.26,0.42,0.5451340766311086,0.09882597640378141,-0.4414519262510661,0.4226194422673839
129,0,3,600,0.6076388888888888,0.5381944444444444,0.7083333333333334,0.375,0.5689655172413793,0.35517241379310344,0.82,0.42,0.5451340766311086,0.09882597640378141,1.1172585669846646,-0.35673580435048147
129,0,5,400,0.6076388888888888,0.5381944444444444,0.6666666666666666,0.5833333333333334,0.5689655172413793,0.35517241379310344,0.58,0.26,0.5451340766311086,0.09882597640378141,0.8452388845347677,0.2207259631255331
129,0,5,600,0.6076388888888888,0.5381944444444444,0.6666666666666666,0.4583333333333333,0.5689655172413793,0.35517241379310344,0.7,0.38,0.5451340766311086,0.09882597640378141,0.829881300807438,-0.10945986230432164
129,0,7,400,0.6076388888888888,0.5381944444444444,0.5625,0.6458333333333334,0.5689655172413793,0.35517241379310344,0.42,0.3,0.5451340766311086,0.09882597640378141,0.32250703356619004,0.36314699592494587
129,0,7,600,0.6076388888888888,0.5381944444444444,0.625,0.5,0.5689655172413793,0.35517241379310344,0.62,0.38,0.5451340766311086,0.09882597640378141,0.6109615761987948,-0.0
130,1,3,400,0.6597222222222222,0.5138888888888888,0.6875,0.4791666666666667,0.6448275862068965,0.3275862068965517,0.7,0.34,0.8179812192255146,0.03759759489342168,0.9368636421494454,-0.05596869163331797
130,1,3,600,0.6597222222222222,0.5138888888888888,0.5416666666666666,0.5,0.6448275862068965,0.3275862068965517,0.54,0.46,0.8179812192255146,0.03759759489342168,0.20086744102293963,-6.938893903907228e-17
130,1,5,400,0.6597222222222222,0.5138888888888888,0.6875,0.5208333333333334,0.6448275862068965,0.3275862068965517,0.66,0.3,0.8179812192255146,0.03759759489342168,0.9368636421494458,0.05596869163331797
130,1,5,600,0.6597222222222222,0.5138888888888888,0.6041666666666666,0.6041666666666666,0.6448275862068965,0.3275862068965517,0.5,0.3,0.8179812192255146,0.03759759489342168,0.5244005127080409,0.26220025635402044
130,1,7,400,0.6597222222222222,0.5138888888888888,0.6875,0.4791666666666667,0.6448275862068965,0.3275862068965517,0.7,0.34,0.8179812192255146,0.03759759489342168,0.9368636421494454,-0.05596869163331797
130,1,7,600,0.6597222222222222,0.5138888888888888,0.75,0.5,0.6448275862068965,0.3275862068965517,0.74,0.26,0.8179812192255146,0.03759759489342168,1.286690810785834,-0.0
